Reference Area,Time Period,Value
Algeria,2015,100
Benin,2015,56.59656
Burundi,2015,19.95614
Cote d'Ivoire,2015,100
Cabo Verde,2015,100
Djibouti,2016,100
Eritrea,2015,73.52941
Gambia,2016,77.01149
Gambia,2015,75
Gambia,2014,82.8125
Gambia,2013,84.61538
Madagascar,2015,46.43799
Niger,2015,81.75182
Tunisia,2015,100
Uganda,2015,83.02872
